equipment,manufacturer,unit,state,state_full,city,lat,lng,population_quantity
RAIO X,KONICA MINOLTA,UPA ZONA NORTE,AP,Amapá,Macapá,0.04,-51.070534,487200.0
IMPRESSORA,KONICA MINOLTA,HOSPITAL DA MULHER MAE LUZIA,AP,Amapá,Macapá,0.0344566,-51.0666,487200.0
ULTRASSOM,CANON,HOSPITAL DA MULHER MAE LUZIA,AP,Amapá,Macapá,0.0344566,-51.0666,487200.0
RAIO X MÓVEL,KONICA MINOLTA,HOSPITAL DA MULHER MAE LUZIA,AP,Amapá,Macapá,0.0344566,-51.0666,487200.0
DR,KONICA MINOLTA,HOSPITAL DA MULHER MAE LUZIA,AP,Amapá,Macapá,0.0344566,-51.0666,487200.0
DR,CANON,HOSPITAL DA MULHER MAE LUZIA,AP,Amapá,Macapá,0.0344566,-51.0666,487200.0
NOTEBOOK,LENOVO,HOSPITAL DA MULHER MAE LUZIA,AP,Amapá,Macapá,0.0344566,-51.0666,487200.0
DR,KONICA MINOLTA,HOSPITAL DA MULHER MAE LUZIA,AP,Amapá,Macapá,0.0344566,-51.0666,487200.0
CONSOLE CR ou DR,FUJIFILM,HOSPITAL DE CLINICAS DR ALBERTO LIMA,AP,Amapá,Macapá,0.0344566,-51.0666,487200.0
TOMOGRAFIA COMPUTADORIZADA,CANON,HOSPITAL DE CLINICAS DR ALBERTO LIMA,AP,Amapá,Macapá,0.0344566,-51.0666,487200.0
IMPRESSORA,KONICA MINOLTA,HOSPITAL DE CLINICAS DR ALBERTO LIMA,AP,Amapá,Macapá,0.0344566,-51.0666,487200.0
ARCO CIRURGICO,SIEMENS,HOSPITAL DE CLINICAS DR ALBERTO LIMA,AP,Amapá,Macapá,0.0344566,-51.0666,487200.0
ULTRASSOM,CANON,HOSPITAL DE CLINICAS DR ALBERTO LIMA,AP,Amapá,Macapá,0.0344566,-51.0666,487200.0
RAIO X MÓVEL,KONICA MINOLTA,HOSPITAL DE CLINICAS DR ALBERTO LIMA,AP,Amapá,Macapá,0.0344566,-51.0666,487200.0
MAMOGRAFIA,KONICA MINOLTA,HOSPITAL DE CLINICAS DR ALBERTO LIMA,AP,Amapá,Macapá,0.0344566,-51.0666,487200.0
DR,KONICA MINOLTA,HOSPITAL DE CLINICAS DR ALBERTO LIMA,AP,Amapá,Macapá,0.0344566,-51.0666,487200.0
ARCO CIRURGICO,VMI,HOSPITAL DE CLINICAS DR ALBERTO LIMA,AP,Amapá,Macapá,0.0344566,-51.0666,487200.0
ARCO CIRURGICO,VMI TECNOLOGIAS,HOSPITAL DE CLINICAS DR ALBERTO LIMA,AP,Amapá,Macapá,0.0344566,-51.0666,487200.0
RAIO X,KONICA MINOLTA,HOSPITAL DE CLINICAS DR ALBERTO LIMA,AP,Amapá,Macapá,0.0344566,-51.0666,487200.0
ULTRASSOM,CANON,HOSPITAL DE CLINICAS DR ALBERTO LIMA,AP,Amapá,Macapá,0.0344566,-51.0666,487200.0
CONSOLE CR ou DR,KONICA MINOLTA,HOSPITAL DE CLINICAS DR ALBERTO LIMA,AP,Amapá,Macapá,0.0344566,-51.0666,487200.0
RESSONANCIA,CANON,HOSPITAL DE CLINICAS DR ALBERTO LIMA,AP,Amapá,Macapá,0.0344566,-51.0666,487200.0
ARCO CIRURGICO,SIEMENS,HOSPITAL DE EMERGENCIA OSVALDO CRUZ,AP,Amapá,Macapá,0.0344566,-51.0666,487200.0
IMPRESSORA,KONICA MINOLTA,HOSPITAL DE EMERGENCIA OSVALDO CRUZ,AP,Amapá,Macapá,0.0344566,-51.0666,487200.0
ULTRASSOM,CANON,HOSPITAL DE EMERGENCIA OSVALDO CRUZ,AP,Amapá,Macapá,0.0344566,-51.0666,487200.0
RAIO X MÓVEL,KONICA MINOLTA,HOSPITAL DE EMERGENCIA OSVALDO CRUZ,AP,Amapá,Macapá,0.0344566,-51.0666,487200.0
DR,KONICA MINOLTA,HOSPITAL DE EMERGENCIA OSVALDO CRUZ,AP,Amapá,Macapá,0.0344566,-51.0666,487200.0
DR,CANON,HOSPITAL DE EMERGENCIA OSVALDO CRUZ,AP,Amapá,Macapá,0.0344566,-51.0666,487200.0
RAIO X,KONICA MINOLTA,HOSPITAL DE EMERGENCIA OSVALDO CRUZ,AP,Amapá,Macapá,0.0344566,-51.0666,487200.0
DR,KONICA MINOLTA,HOSPITAL DE EMERGENCIA OSVALDO CRUZ,AP,Amapá,Macapá,0.0344566,-51.0666,487200.0
ULTRASSOM,CANON,HOSPITAL DE EMERGENCIA OSVALDO CRUZ,AP,Amapá,Macapá,0.0344566,-51.0666,487200.0
CONSOLE CR ou DR,KONICA MINOLTA,HOSPITAL DE EMERGENCIA OSVALDO CRUZ,AP,Amapá,Macapá,0.0344566,-51.0666,487200.0
ARCO CIRURGICO,VMI,HOSPITAL DE EMERGENCIA OSVALDO CRUZ,AP,Amapá,Macapá,0.0344566,-51.0666,487200.0
TOMOGRAFIA COMPUTADORIZADA,CANON,HOSPITAL DE EMERGENCIA OSVALDO CRUZ,AP,Amapá,Macapá,0.0344566,-51.0666,487200.0
DR,CANON,HOSPITAL DE VITORIA DO JARI,AP,Amapá,VITORIA DO JARI,-1.0173634,-52.106335,11922.0
RAIO X MÓVEL,VMI,Hospital Estadual de Laranjal do Jari,AP,Amapá,Laranjal do Jari,-0.846413,-52.5261,37969.0
RAIO X,KONICA MINOLTA,Hospital Estadual de Laranjal do Jari,AP,Amapá,Laranjal do Jari,-0.846413,-52.5261,37969.0
ULTRASSOM,CANON,Hospital Estadual de Laranjal do Jari,AP,Amapá,Laranjal do Jari,-0.846413,-52.5261,37969.0
ARCO CIRURGICO,VMI,Hospital Estadual de Laranjal do Jari,AP,Amapá,Laranjal do Jari,-0.846413,-52.5261,37969.0
CONSOLE CR ou DR,KONICA MINOLTA,Hospital Estadual de Laranjal do Jari,AP,Amapá,Laranjal do Jari,-0.846413,-52.5261,37969.0
ARCO CIRURGICO,VMI,HOSPITAL ESTADUAL DE OIAPOQUE,AP,Amapá,Oiapoque,3.8431,-51.835,30481.0
TOMOGRAFIA COMPUTADORIZADA,CANON,HOSPITAL ESTADUAL DE OIAPOQUE,AP,Amapá,Oiapoque,3.8431,-51.835,30481.0
ULTRASSOM,CANON,HOSPITAL ESTADUAL DE OIAPOQUE,AP,Amapá,Oiapoque,3.8431,-51.835,30481.0
RAIO X MÓVEL,VMI TECNOLOGIAS,HOSPITAL ESTADUAL DE OIAPOQUE,AP,Amapá,Oiapoque,3.8431,-51.835,30481.0
ULTRASSOM,CANON,HOSPITAL ESTADUAL DE SANTANA,AP,Amapá,SANTANA,-0.04528,-51.16478,118353.0
ULTRASSOM,CANON,HOSPITAL ESTADUAL DE SANTANA,AP,Amapá,SANTANA,-0.04528,-51.16478,118353.0
DR,KONICA MINOLTA,HOSPITAL ESTADUAL DE SANTANA,AP,Amapá,SANTANA,-0.04528,-51.16478,118353.0
NOTEBOOK,LENOVO,HOSPITAL ESTADUAL DE SANTANA,AP,Amapá,SANTANA,-0.04528,-51.16478,118353.0
ARCO CIRURGICO,VMI,HOSPITAL ESTADUAL DE SANTANA,AP,Amapá,SANTANA,-0.04528,-51.16478,118353.0
CONSOLE CR ou DR,KONICA MINOLTA,HOSPITAL ESTADUAL DE SANTANA,AP,Amapá,SANTANA,-0.04528,-51.16478,118353.0
RAIO X,KONICA MINOLTA,HOSPITAL ESTADUAL DE SANTANA,AP,Amapá,SANTANA,-0.04528,-51.16478,118353.0
RAIO X MÓVEL,VMI TECNOLOGIAS,HOSPITAL ESTADUAL DE SANTANA,AP,Amapá,SANTANA,-0.04528,-51.16478,118353.0
CONSOLE CR ou DR,Fujifilm,PRONTO ATENDIMENTO INFANTIL - PAI,AP,Amapá,Macapá,0.0345,-51.0666,487200.0
IMPRESSORA,XEROX,PRONTO ATENDIMENTO INFANTIL - PAI,AP,Amapá,Macapá,0.0345,-51.0666,487200.0
DR,CANON,PRONTO ATENDIMENTO INFANTIL - PAI,AP,Amapá,Macapá,0.0345,-51.0666,487200.0
NOTEBOOK,LENOVO,PRONTO ATENDIMENTO INFANTIL - PAI,AP,Amapá,Macapá,0.0345,-51.0666,487200.0
DR,KONICA MINOLTA,PRONTO ATENDIMENTO INFANTIL - PAI,AP,Amapá,Macapá,0.0345,-51.0666,487200.0
CONSOLE CR ou DR,KONICA MINOLTA,PRONTO ATENDIMENTO INFANTIL - PAI,AP,Amapá,Macapá,0.0345,-51.0666,487200.0
CONSOLE CR ou DR,DELL,UNIDADE DE SAUDE DE SERRA DO NAVIO,AP,Amapá,SERRA DO NAVIO,0.9422,-51.9974,4986.0
RAIO X,KONICA MINOLTA,Unidade Mista de Saúde de Calçoene,AP,Amapá,Calçoene,2.504,-50.951,11391.0
DR,KONICA MINOLTA,Unidade Mista de Saúde de Calçoene,AP,Amapá,Calçoene,2.504,-50.951,11391.0
DR,KONICA MINOLTA,Unidade Mista de Saúde de Mazagão,AP,Amapá,Mazagão,-0.115,-51.289,23575.0
RAIO X,KONICA MINOLTA,Unidade Mista de Saúde de Mazagão,AP,Amapá,Mazagão,-0.115,-51.289,23575.0
DR,CANON,UNIDADE MISTA DE SAÚDE DE TARTARUGALZINHO,AP,Amapá,TARTARUGALZINHO,1.506,-50.908,13785.0
NOTEBOOK,LENOVO,UNIDADE MISTA DE SAÚDE DE TARTARUGALZINHO,AP,Amapá,TARTARUGALZINHO,1.506,-50.908,13785.0
RAIO X,KONICA MINOLTA,UNIDADE MISTA DE SAÚDE DE TARTARUGALZINHO,AP,Amapá,TARTARUGALZINHO,1.506,-50.908,13785.0
DR,KONICA MINOLTA,UPA DE SAO RAIMUNDO NONATO,PI,Piauí,São Raimundo Nonato,-9.0125,-42.6989,40784.0
CONSOLE CR ou DR,KONICA MINOLTA,UPA DE SAO RAIMUNDO NONATO,PI,Piauí,São Raimundo Nonato,-9.0125,-42.6989,40784.0
DR,KONICA MINOLTA,UPA DE FLORIANO,PI,Piauí,MATADOURO,-6.7722,-43.0281,5940.0
RAIO X,KONICA MINOLTA,UPA DE FLORIANO,PI,Piauí,MATADOURO,-6.7722,-43.0281,5940.0
CONSOLE CR ou DR,KONICA MINOLTA,UPA DE FLORIANO,PI,Piauí,MATADOURO,-6.7722,-43.0281,5940.0
DR,FUJIFILM,HOSPITAL ESTADUAL DOMINGOS CHAVES,PI,Piauí,Canto do Buriti,-8.3589,-43.4067​,19669.0
ULTRASSOM,CANON,HOSPITAL ESTADUAL DOMINGOS CHAVES,PI,Piauí,Canto do Buriti,-8.3589,-43.4067​,19669.0
NOTEBOOK,FUJIFILM,HOSPITAL ESTADUAL DOMINGOS CHAVES,PI,Piauí,Canto do Buriti,-8.3589,-43.4067​,19669.0
ULTRASSOM,TOSHIBA,ESCOLA DE TREINAMENTO PROFISSIONAL,PI,Piauí,Teresina,-5.0916,-42.8016,902644.0
ULTRASSOM PORTATIL,CANON,ESCOLA DE TREINAMENTO PROFISSIONAL,PI,Piauí,Teresina,-5.0916,-42.8016,902644.0
ULTRASSOM,CANON,ESCOLA DE TREINAMENTO PROFISSIONAL,PI,Piauí,Teresina,-5.0916,-42.8016,902644.0
ULTRASSOM,CANON,CENTRAL DE DIAGNÓSTICO DE PICOS,PI,Piauí,Picos,-7.0769,-41.4669,86228.0
NOTEBOOK,LENOVO,CENTRAL DE LAUDOS E SERVIÇOS 01,PI,Piauí,PARNAIBA,-2.905,-41.776,169552.0
CONSOLE CR ou DR,FUJIFILM,CENTRO INTEGRADO DE SAUDE LINEU ARAUJO,PI,Piauí,Teresina,-5.0916,-42.8016,902644.0
ULTRASSOM,TOSHIBA,CENTRO INTEGRADO DE SAUDE LINEU ARAUJO,PI,Piauí,Teresina,-5.0916,-42.8016,902644.0
IMPRESSORA,SONY,CENTRO INTEGRADO DE SAUDE LINEU ARAUJO,PI,Piauí,Teresina,-5.0916,-42.8016,902644.0
IMPRESSORA,KONICA MINOLTA,CENTRO INTEGRADO DE SAUDE LINEU ARAUJO,PI,Piauí,Teresina,-5.0916,-42.8016,902644.0
RAIO X,KONICA MINOLTA,CENTRO INTEGRADO DE SAUDE LINEU ARAUJO,PI,Piauí,Teresina,-5.0916,-42.8016,902644.0
MAMOGRAFIA,KONICA MINOLTA,CENTRO INTEGRADO DE SAUDE LINEU ARAUJO,PI,Piauí,Teresina,-5.0916,-42.8016,902644.0
ULTRASSOM,CANON,CENTRO INTEGRADO DE SAUDE LINEU ARAUJO,PI,Piauí,Teresina,-5.0916,-42.8016,902644.0
CONSOLE CR ou DR,FUJIFILM,CENTRO INTEGRADO DE SAUDE LINEU ARAUJO,PI,Piauí,Teresina,-5.0916,-42.8016,902644.0
IMPRESSORA,SONY,CENTRO INTEGRADO DE SAUDE LINEU ARAUJO,PI,Piauí,Teresina,-5.0916,-42.8016,902644.0
IMPRESSORA,KONICA MINOLTA,CENTRO INTEGRADO DE SAUDE LINEU ARAUJO,PI,Piauí,Teresina,-5.0916,-42.8016,902644.0
ULTRASSOM,CANON,CISM - CENTRO INTEGRADO DE SAUDE DA MULHER,PI,Piauí,Parnaíba,-2.905,-41.776,169552.0
ULTRASSOM,CANON,CISM - CENTRO INTEGRADO DE SAUDE DA MULHER,PI,Piauí,Parnaíba,-2.905,-41.776,169552.0
MAMOGRAFIA,VMI,CISM - CENTRO INTEGRADO DE SAUDE DA MULHER,PI,Piauí,Parnaíba,-2.905,-41.776,169552.0
DR,KONICA MINOLTA,CISM - CENTRO INTEGRADO DE SAUDE DA MULHER,PI,Piauí,Parnaíba,-2.905,-41.776,169552.0
DR,KONICA MINOLTA,CISM - CENTRO INTEGRADO DE SAUDE DA MULHER,PI,Piauí,Parnaíba,-2.905,-41.776,169552.0
CONSOLE CR ou DR,FUJIFILM,CISM - CENTRO INTEGRADO DE SAUDE DA MULHER,PI,Piauí,Parnaíba,-2.905,-41.776,169552.0
RAIO X,KONICA MINOLTA,CISM - CENTRO INTEGRADO DE SAUDE DA MULHER,PI,Piauí,Parnaíba,-2.905,-41.776,169552.0
RAIO X,KONICA MINOLTA,CISM - CENTRO INTEGRADO DE SAUDE DA MULHER,PI,Piauí,Parnaíba,-2.905,-41.776,169552.0
TOMOGRAFIA COMPUTADORIZADA,CANON,CISM - CENTRO INTEGRADO DE SAUDE DA MULHER,PI,Piauí,Parnaíba,-2.905,-41.776,169552.0
CONSOLE CR ou DR,KONICA MINOLTA,CISM - CENTRO INTEGRADO DE SAUDE DA MULHER,PI,Piauí,Parnaíba,-2.905,-41.776,169552.0
CONSOLE CR ou DR,KONICA MINOLTA,CISM - CENTRO INTEGRADO DE SAUDE DA MULHER,PI,Piauí,Parnaíba,-2.905,-41.776,169552.0
IMPRESSORA,AGIS,CISM - CENTRO INTEGRADO DE SAUDE DA MULHER,PI,Piauí,Parnaíba,-2.905,-41.776,169552.0
CONSOLE CR ou DR,FUJIFILM,HOSPITAL ALBERTO NETO,PI,Piauí,Teresina,-5.10831,-42.75658,902644.0
RAIO X,SHR,HOSPITAL ALBERTO NETO,PI,Piauí,Teresina,-5.10831,-42.75658,902644.0
TOMOGRAFIA COMPUTADORIZADA,CANON,HOSPITAL ALBERTO NETO,PI,Piauí,Teresina,-5.10831,-42.75658,902644.0
TOMOGRAFIA COMPUTADORIZADA,CANON,HOSPITAL ALIANÇA DE PIRIPIRI LTDA,PI,Piauí,Piripiri,-4.275,-41.775,67676.0
IMPRESSORA,SONY,HOSPITAL DA PRIMAVERA,PI,Piauí,Teresina,-5.05167,-42.8124,902644.0
ULTRASSOM,TOSHIBA,HOSPITAL DA PRIMAVERA,PI,Piauí,Teresina,-5.05167,-42.8124,902644.0
RAIO X,SAWAE,HOSPITAL DA PRIMAVERA,PI,Piauí,Teresina,-5.05167,-42.8124,902644.0
CONSOLE CR ou DR,FUJIFILM,HOSPITAL DA PRIMAVERA,PI,Piauí,Teresina,-5.05167,-42.8124,902644.0
TOMOGRAFIA COMPUTADORIZADA,CANON,HOSPITAL DE URGÊNCIA DE TERESINA,PI,Piauí,TERESINA,-5.093,-42.801,902644.0
ULTRASSOM,CANON,HOSPITAL DE URGÊNCIA DE TERESINA,PI,Piauí,TERESINA,-5.093,-42.801,902644.0
DR,KONICA MINOLTA,HOSPITAL DE URGÊNCIA DE TERESINA,PI,Piauí,TERESINA,-5.093,-42.801,902644.0
ARCO CIRURGICO,SIEMENS,HOSPITAL DE URGÊNCIA DE TERESINA,PI,Piauí,TERESINA,-5.093,-42.801,902644.0
ARCO CIRURGICO,SIEMENS,HOSPITAL DE URGÊNCIA DE TERESINA,PI,Piauí,TERESINA,-5.093,-42.801,902644.0
ULTRASSOM PORTATIL,GE MEDICAL SYSTEMS,HOSPITAL DE URGÊNCIA DE TERESINA,PI,Piauí,TERESINA,-5.093,-42.801,902644.0
CONSOLE CR ou DR,KONICA MINOLTA,HOSPITAL DE URGÊNCIA DE TERESINA,PI,Piauí,TERESINA,-5.093,-42.801,902644.0
DR,KONICA MINOLTA,HOSPITAL DE URGÊNCIA DE TERESINA,PI,Piauí,TERESINA,-5.093,-42.801,902644.0
CONSOLE CR ou DR,FUJIFILM,HOSPITAL DIRCEU ARCOVERDE DA POLICIA MILITAR DO PIAUI,PI,Piauí,Teresina,-5.0861,-42.8017,902644.0
TOMOGRAFIA COMPUTADORIZADA,CANON,HOSPITAL DIRCEU ARCOVERDE DA POLICIA MILITAR DO PIAUI,PI,Piauí,Teresina,-5.0861,-42.8017,902644.0
ULTRASSOM,CANON,HOSPITAL DIRCEU ARCOVERDE DA POLICIA MILITAR DO PIAUI,PI,Piauí,Teresina,-5.0861,-42.8017,902644.0
DR,CANON,HOSPITAL DIRCEU ARCOVERDE DA POLICIA MILITAR DO PIAUI,PI,Piauí,Teresina,-5.0861,-42.8017,902644.0
CONSOLE CR ou DR,CANON,HOSPITAL DIRCEU ARCOVERDE DA POLICIA MILITAR DO PIAUI,PI,Piauí,Teresina,-5.0861,-42.8017,902644.0
ULTRASSOM,CANON,HOSPITAL DIRCEU ARCOVERDE DA POLICIA MILITAR DO PIAUI,PI,Piauí,Teresina,-5.0861,-42.8017,902644.0
ARCO CIRURGICO,VMI TECNOLOGIAS,HOSPITAL DIRCEU ARCOVERDE DA POLICIA MILITAR DO PIAUI,PI,Piauí,Teresina,-5.0861,-42.8017,902644.0
RAIO X MÓVEL,VMI TECNOLOGIAS,HOSPITAL DIRCEU ARCOVERDE DA POLICIA MILITAR DO PIAUI,PI,Piauí,Teresina,-5.0861,-42.8017,902644.0
CONSOLE CR ou DR,FUJIFILM,HOSPITAL DR. MARIANO GAYOSO CASTELO BRANCO,PI,Piauí,Teresina,-5.0923,-42.8037,902644.0
IMPRESSORA,SONY,HOSPITAL DR. MARIANO GAYOSO CASTELO BRANCO,PI,Piauí,Teresina,-5.0923,-42.8037,902644.0
ULTRASSOM,TOSHIBA,HOSPITAL DR. MARIANO GAYOSO CASTELO BRANCO,PI,Piauí,Teresina,-5.0923,-42.8037,902644.0
TOMOGRAFIA COMPUTADORIZADA,CANON,HOSPITAL E MATERNIDADE MUNICIPAL DR JOAO ALBERTO,MA,Maranhão,Trizidela do Vale,-4.5738,-44.6286,23052.0
CONSOLE CR ou DR,FUJIFILM,HOSPITAL E MATERNIDADE MUNICIPAL DR JOAO ALBERTO,MA,Maranhão,Trizidela do Vale,-4.5738,-44.6286,23052.0
DR,KONICA MINOLTA,HOSPITAL E MATERNIDADE MUNICIPAL DR JOAO ALBERTO,MA,Maranhão,Trizidela do Vale,-4.5738,-44.6286,23052.0
RAIO X,KONICA MINOLTA,HOSPITAL E MATERNIDADE MUNICIPAL DR JOAO ALBERTO,MA,Maranhão,Trizidela do Vale,-4.5738,-44.6286,23052.0
MAMOGRAFIA,VMI TECNOLOGIAS,HOSPITAL E MATERNIDADE MUNICIPAL DR JOAO ALBERTO,MA,Maranhão,Trizidela do Vale,-4.5738,-44.6286,23052.0
IMPRESSORA,KONICA MINOLTA,HOSPITAL E MATERNIDADE MUNICIPAL DR JOAO ALBERTO,MA,Maranhão,Trizidela do Vale,-4.5738,-44.6286,23052.0
IMPRESSORA,XEROX,HOSPITAL E MATERNIDADE MUNICIPAL DR JOAO ALBERTO,MA,Maranhão,Trizidela do Vale,-4.5738,-44.6286,23052.0
CONSOLE CR ou DR,DELL,HOSPITAL E MATERNIDADE MUNICIPAL DR JOAO ALBERTO,MA,Maranhão,Trizidela do Vale,-4.5738,-44.6286,23052.0
IMPRESSORA,SONY,HOSPITAL ESTADUAL DIRCEU ARCOVERDE,PI,Piauí,Parnaíba,-2.905,-41.776,169552.0
IMPRESSORA,SONY,HOSPITAL ESTADUAL DIRCEU ARCOVERDE,PI,Piauí,Parnaíba,-2.905,-41.776,169552.0
RAIO X,VMI,HOSPITAL ESTADUAL DIRCEU ARCOVERDE,PI,Piauí,Parnaíba,-2.905,-41.776,169552.0
NOTEBOOK,KONICA MINOLTA,HOSPITAL ESTADUAL DIRCEU ARCOVERDE,PI,Piauí,Parnaíba,-2.905,-41.776,169552.0
DR,KONICA MINOLTA,HOSPITAL ESTADUAL DIRCEU ARCOVERDE,PI,Piauí,Parnaíba,-2.905,-41.776,169552.0
NOTEBOOK,KONICA MINOLTA,HOSPITAL ESTADUAL DIRCEU ARCOVERDE,PI,Piauí,Parnaíba,-2.905,-41.776,169552.0
DR,KONICA MINOLTA,HOSPITAL ESTADUAL DIRCEU ARCOVERDE,PI,Piauí,Parnaíba,-2.905,-41.776,169552.0
ULTRASSOM,CANON,HOSPITAL ESTADUAL DIRCEU ARCOVERDE,PI,Piauí,Parnaíba,-2.905,-41.776,169552.0
ULTRASSOM,CANON,HOSPITAL ESTADUAL DIRCEU ARCOVERDE,PI,Piauí,Parnaíba,-2.905,-41.776,169552.0
ULTRASSOM PORTATIL,CANON,HOSPITAL ESTADUAL DIRCEU ARCOVERDE,PI,Piauí,Parnaíba,-2.905,-41.776,169552.0
TOMOGRAFIA COMPUTADORIZADA,CANON,HOSPITAL ESTADUAL DIRCEU ARCOVERDE,PI,Piauí,Parnaíba,-2.905,-41.776,169552.0
DR,CANON,HOSPITAL ESTADUAL DIRCEU ARCOVERDE,PI,Piauí,Parnaíba,-2.905,-41.776,169552.0
CONSOLE CR ou DR,DELL,HOSPITAL ESTADUAL DIRCEU ARCOVERDE,PI,Piauí,Parnaíba,-2.905,-41.776,169552.0
ULTRASSOM,CANON,HOSPITAL ESTADUAL GERSON CASTELO BRANCO,PI,Piauí,Luzilândia,-3.4686,-42.372,26204.0
DR,KONICA MINOLTA,HOSPITAL ESTADUAL GERSON CASTELO BRANCO,PI,Piauí,Luzilândia,-3.4686,-42.372,26204.0
CONSOLE CR ou DR,KONICA MINOLTA,HOSPITAL ESTADUAL GERSON CASTELO BRANCO,PI,Piauí,Luzilândia,-3.4686,-42.372,26204.0
IMPRESSORA,XEROX,HOSPITAL ESTADUAL GERSON CASTELO BRANCO,PI,Piauí,Luzilândia,-3.4686,-42.372,26204.0
DR,KONICA MINOLTA,HOSPITAL ESTADUAL GERSON CASTELO BRANCO,PI,Piauí,Luzilândia,-3.4686,-42.372,26204.0
RAIO X,KONICA MINOLTA,HOSPITAL ESTADUAL JOAO LUIZ DE MORAES,PI,Piauí,DEMERVAL LOBÃO,-5.3581,-42.6786,16998.0
DR,KONICA MINOLTA,HOSPITAL ESTADUAL JOAO LUIZ DE MORAES,PI,Piauí,DEMERVAL LOBÃO,-5.3581,-42.6786,16998.0
CONSOLE CR ou DR,KONICA MINOLTA,HOSPITAL ESTADUAL JOAO LUIZ DE MORAES,PI,Piauí,DEMERVAL LOBÃO,-5.3581,-42.6786,16998.0
ULTRASSOM,CANON,HOSPITAL ESTADUAL JOSE DE MOURA FE,PI,Piauí,SIMPLICIO MENDES,-7.8596,-41.9064,14342.0
RAIO X,KONICA MINOLTA,HOSPITAL ESTADUAL JOSE DE MOURA FE,PI,Piauí,SIMPLICIO MENDES,-7.8596,-41.9064,14342.0
DR,KONICA MINOLTA,HOSPITAL ESTADUAL JOSE DE MOURA FE,PI,Piauí,SIMPLICIO MENDES,-7.8596,-41.9064,14342.0
RAIO X,SAWAE,HOSPITAL ESTADUAL JOSE FURTADO DE MENDONCA,PI,Piauí,São Miguel do Tapuio,-5.4979,-41.3161,17902.0
CONSOLE CR ou DR,FUJIFILM,HOSPITAL ESTADUAL JOSE FURTADO DE MENDONCA,PI,Piauí,São Miguel do Tapuio,-5.4979,-41.3161,17902.0
CONSOLE CR ou DR,FUJIFILM,HOSPITAL ESTADUAL JULIO BORGES DE MACEDO,PI,Piauí,Curimatá,-10.032,-44.305,11552.0
IMPRESSORA,KONICA MINOLTA,HOSPITAL ESTADUAL JULIO HARTMAN,PI,Piauí,ESPERANTINA,-3.5311,-42.2322,42510.0
RAIO X,KONICA MINOLTA,HOSPITAL ESTADUAL JULIO HARTMAN,PI,Piauí,ESPERANTINA,-3.5311,-42.2322,42510.0
ULTRASSOM,CANON,HOSPITAL ESTADUAL JULIO HARTMAN,PI,Piauí,ESPERANTINA,-3.5311,-42.2322,42510.0
DR,KONICA MINOLTA,HOSPITAL ESTADUAL JULIO HARTMAN,PI,Piauí,ESPERANTINA,-3.5311,-42.2322,42510.0
TOMOGRAFIA COMPUTADORIZADA,CANON,HOSPITAL ESTADUAL JULIO HARTMAN,PI,Piauí,ESPERANTINA,-3.5311,-42.2322,42510.0
ULTRASSOM,TOSHIBA,HOSPITAL ESTADUAL NOBERTO MOURA,PI,Piauí,Elesbão Veloso,-6.2,-42.135,13786.0
RAIO X,KONICA MINOLTA,HOSPITAL ESTADUAL NOBERTO MOURA,PI,Piauí,Elesbão Veloso,-6.2,-42.135,13786.0
IMPRESSORA,SONY,HOSPITAL ESTADUAL NOBERTO MOURA,PI,Piauí,Elesbão Veloso,-6.2,-42.135,13786.0
CONSOLE CR ou DR,FUJFILM,HOSPITAL ESTADUAL TERESINHA NUNES DE BARROS,PI,Piauí,São João do Piauí,-8.354,-42.255,22036.0
ULTRASSOM,CANON,HOSPITAL ESTADUAL TERESINHA NUNES DE BARROS,PI,Piauí,São João do Piauí,-8.354,-42.255,22036.0
IMPRESSORA,SONY,HOSPITAL GERAL DO BUENOS AIRES,PI,Piauí,Teresina,-5.0448,-42.8229,902644.0
ULTRASSOM,TOSHIBA,HOSPITAL GERAL DO BUENOS AIRES,PI,Piauí,Teresina,-5.0448,-42.8229,902644.0
RAIO X MÓVEL,KONICA MINOLTA,HOSPITAL GERAL DO BUENOS AIRES,PI,Piauí,Teresina,-5.0448,-42.8229,902644.0
DR,KONICA MINOLTA,HOSPITAL GERAL DO BUENOS AIRES,PI,Piauí,Teresina,-5.0448,-42.8229,902644.0
DR,KONICA MINOLTA,HOSPITAL GERAL DO BUENOS AIRES,PI,Piauí,Teresina,-5.0448,-42.8229,902644.0
CONSOLE CR ou DR,DELL,HOSPITAL GERAL DO BUENOS AIRES,PI,Piauí,Teresina,-5.0448,-42.8229,902644.0
RAIO X MÓVEL,VMI,HOSPITAL GERAL DO MONTE CASTELO,PI,Piauí,Teresina,-5.0861,-42.8017,902644.0
NOTEBOOK,KONICA MINOLTA,HOSPITAL GERAL DO MONTE CASTELO,PI,Piauí,Teresina,-5.0861,-42.8017,902644.0
DR,KONICA MINOLTA,HOSPITAL GERAL DO MONTE CASTELO,PI,Piauí,Teresina,-5.0861,-42.8017,902644.0
CONSOLE CR ou DR,FUJIFILM,HOSPITAL GERAL DO MONTE CASTELO,PI,Piauí,Teresina,-5.0861,-42.8017,902644.0
CONSOLE CR ou DR,FUJIFILM,HOSPITAL GERAL DO PROMORAR,PI,Piauí,Teresina,-5.0923,-42.8037,902644.0
RAIO X,SAWAE,HOSPITAL GERAL DO PROMORAR,PI,Piauí,Teresina,-5.0923,-42.8037,902644.0
CONSOLE CR ou DR,FUJIFILM,HOSPITAL GETULIO VARGAS,PI,Piauí,Teresina,-5.0887,-42.8035,902644.0
CONSOLE CR ou DR,FUJIFILM,HOSPITAL GETULIO VARGAS,PI,Piauí,Teresina,-5.0887,-42.8035,902644.0
CONSOLE CR ou DR,FUJIFILM,HOSPITAL GETULIO VARGAS,PI,Piauí,Teresina,-5.0887,-42.8035,902644.0
NANO,FUJIFILM,HOSPITAL GETULIO VARGAS,PI,Piauí,Teresina,-5.0887,-42.8035,902644.0
NANO,FUJIFILM,HOSPITAL GETULIO VARGAS,PI,Piauí,Teresina,-5.0887,-42.8035,902644.0
ULTRASSOM,CANON,HOSPITAL GETULIO VARGAS,PI,Piauí,Teresina,-5.0887,-42.8035,902644.0
ULTRASSOM,CANON,HOSPITAL GETULIO VARGAS,PI,Piauí,Teresina,-5.0887,-42.8035,902644.0
DR,KONICA MINOLTA,HOSPITAL GETULIO VARGAS,PI,Piauí,Teresina,-5.0887,-42.8035,902644.0
CONSOLE CR ou DR,KONICA MINOLTA,HOSPITAL GETULIO VARGAS,PI,Piauí,Teresina,-5.0887,-42.8035,902644.0
ARCO CIRURGICO,SIEMENS,HOSPITAL GETULIO VARGAS,PI,Piauí,Teresina,-5.0887,-42.8035,902644.0
ARCO CIRURGICO,SIEMENS,HOSPITAL GETULIO VARGAS,PI,Piauí,Teresina,-5.0887,-42.8035,902644.0
TOMOGRAFIA COMPUTADORIZADA,CANON,HOSPITAL GETULIO VARGAS,PI,Piauí,Teresina,-5.0887,-42.8035,902644.0
ULTRASSOM,TOSHIBA,HOSPITAL INFANTIL LUCIDIO PORTELA,PI,Piauí,Teresina,-5.0743,-42.8105,902644.0
CONSOLE CR ou DR,FUJIFILM,HOSPITAL INFANTIL LUCIDIO PORTELA,PI,Piauí,Teresina,-5.0743,-42.8105,902644.0
ULTRASSOM PORTATIL,CANON,HOSPITAL INFANTIL LUCIDIO PORTELA,PI,Piauí,Teresina,-5.0743,-42.8105,902644.0
CONSOLE CR ou DR,FUJIFILM,HOSPITAL INFANTIL LUCIDIO PORTELA,PI,Piauí,Teresina,-5.0743,-42.8105,902644.0
RAIO X MÓVEL,CDK,HOSPITAL INFANTIL LUCIDIO PORTELA,PI,Piauí,Teresina,-5.0743,-42.8105,902644.0
DR,KONICA MINOLTA,HOSPITAL INFANTIL LUCIDIO PORTELA,PI,Piauí,Teresina,-5.0743,-42.8105,902644.0
NOTEBOOK,KONICA MINOLTA,HOSPITAL INFANTIL LUCIDIO PORTELA,PI,Piauí,Teresina,-5.0743,-42.8105,902644.0
TOMOGRAFIA COMPUTADORIZADA,CANON,HOSPITAL INFANTIL LUCIDIO PORTELA,PI,Piauí,Teresina,-5.0743,-42.8105,902644.0
RAIO X,KONICA MINOLTA,HOSPITAL INFANTIL LUCIDIO PORTELA,PI,Piauí,Teresina,-5.0743,-42.8105,902644.0
IMPRESSORA,KONICA MINOLTA,HOSPITAL INFANTIL LUCIDIO PORTELA,PI,Piauí,Teresina,-5.0743,-42.8105,902644.0
ULTRASSOM,CANON,HOSPITAL INFANTIL LUCIDIO PORTELA,PI,Piauí,Teresina,-5.0743,-42.8105,902644.0
ARCO CIRURGICO,VMI,HOSPITAL INFANTIL LUCIDIO PORTELA,PI,Piauí,Teresina,-5.0743,-42.8105,902644.0
CONSOLE CR ou DR,FUJIFILM,HOSPITAL REGIONAL CHAGAS RODRIGUES,PI,Piauí,Piripiri,-4.275,-41.7775,67676.0
ULTRASSOM,TOSHIBA,HOSPITAL REGIONAL CHAGAS RODRIGUES,PI,Piauí,Piripiri,-4.275,-41.7775,67676.0
IMPRESSORA,FUJIFILM,HOSPITAL REGIONAL CHAGAS RODRIGUES,PI,Piauí,Piripiri,-4.275,-41.7775,67676.0
TOMOGRAFIA COMPUTADORIZADA,CANON,HOSPITAL REGIONAL CHAGAS RODRIGUES,PI,Piauí,Piripiri,-4.275,-41.7775,67676.0
DR,FUJIFILM,HOSPITAL REGIONAL CHAGAS RODRIGUES,PI,Piauí,Piripiri,-4.275,-41.7775,67676.0
NOTEBOOK,FUJIFILM,HOSPITAL REGIONAL CHAGAS RODRIGUES,PI,Piauí,Piripiri,-4.275,-41.7775,67676.0
ULTRASSOM,CANON,HOSPITAL REGIONAL CHAGAS RODRIGUES,PI,Piauí,Piripiri,-4.275,-41.7775,67676.0
DR,CANON,HOSPITAL REGIONAL CHAGAS RODRIGUES,PI,Piauí,Piripiri,-4.275,-41.7775,67676.0
CONSOLE CR ou DR,DELL,HOSPITAL REGIONAL CHAGAS RODRIGUES,PI,Piauí,Piripiri,-4.275,-41.7775,67676.0
IMPRESSORA,SONY,HOSPITAL REGIONAL CHAGAS RODRIGUES,PI,Piauí,Piripiri,-4.275,-41.7775,67676.0
ULTRASSOM,CANON,HOSPITAL REGIONAL CHAGAS RODRIGUES,PI,Piauí,Piripiri,-4.275,-41.7775,67676.0
IMPRESSORA,FUJIFILM,HOSPITAL REGIONAL DEOLINDO COUTO,PI,Piauí,Oeiras,-7.0153,-42.1259,39545.0
CONSOLE CR ou DR,FUJIFILM,HOSPITAL REGIONAL DEOLINDO COUTO,PI,Piauí,Oeiras,-7.0153,-42.1259,39545.0
CONSOLE CR ou DR,FUJIFILM,HOSPITAL REGIONAL DEOLINDO COUTO,PI,Piauí,Oeiras,-7.0153,-42.1259,39545.0
RAIO X MÓVEL,VMI,HOSPITAL REGIONAL DEOLINDO COUTO,PI,Piauí,Oeiras,-7.0153,-42.1259,39545.0
TOMOGRAFIA COMPUTADORIZADA,CANON,HOSPITAL REGIONAL DEOLINDO COUTO,PI,Piauí,Oeiras,-7.0153,-42.1259,39545.0
ULTRASSOM,CANON,HOSPITAL REGIONAL DEOLINDO COUTO,PI,Piauí,Oeiras,-7.0153,-42.1259,39545.0
RAIO X,KONICA MINOLTA,HOSPITAL REGIONAL DEOLINDO COUTO,PI,Piauí,Oeiras,-7.0153,-42.1259,39545.0
ULTRASSOM,CANON,HOSPITAL REGIONAL DEOLINDO COUTO,PI,Piauí,Oeiras,-7.0153,-42.1259,39545.0
CONSOLE CR ou DR,FUJIFILM,HOSPITAL REGIONAL DR JOAO PACHECO CAVALCANTE,PI,Piauí,Corrente,-10.433,-45.163,28275.0
ULTRASSOM,CANON,HOSPITAL REGIONAL DR JOAO PACHECO CAVALCANTE,PI,Piauí,Corrente,-10.433,-45.163,28275.0
TOMOGRAFIA COMPUTADORIZADA,CANON,HOSPITAL REGIONAL DR JOAO PACHECO CAVALCANTE,PI,Piauí,Corrente,-10.433,-45.163,28275.0
RAIO X,KONICA MINOLTA,HOSPITAL REGIONAL DR. FRANCISCO AYRES CAVALCANTE,PI,Piauí,Amarante,-6.2418,-42.8559,17577.0
DR,KONICA MINOLTA,HOSPITAL REGIONAL DR. FRANCISCO AYRES CAVALCANTE,PI,Piauí,Amarante,-6.2418,-42.8559,17577.0
ULTRASSOM,TOSHIBA,HOSPITAL REGIONAL EUSTAQUIO PORTELA,PI,Piauí,Valença do Piauí,-6.4051,-41.7382,
CONSOLE CR ou DR,FUJIFILM,HOSPITAL REGIONAL EUSTAQUIO PORTELA,PI,Piauí,Valença do Piauí,-6.4051,-41.7382,22920.0
RAIO X,KONICA MINOLTA,HOSPITAL REGIONAL EUSTAQUIO PORTELA,PI,Piauí,Valença do Piauí,-6.4051,-41.7382,22920.0
ULTRASSOM,CANON,HOSPITAL REGIONAL EUSTAQUIO PORTELA,PI,Piauí,Valença do Piauí,-6.4051,-41.7382,22920.0
CONSOLE CR ou DR,FUJIFILM,HOSPITAL REGIONAL JUSTINO LUZ,PI,Piauí,PICOS,-7.0739,-41.466,86228.0
CONSOLE CR ou DR,FUJIFILM,HOSPITAL REGIONAL JUSTINO LUZ,PI,Piauí,PICOS,-7.0739,-41.466,86228.0
CONSOLE CR ou DR,FUJIFILM,HOSPITAL REGIONAL JUSTINO LUZ,PI,Piauí,PICOS,-7.0739,-41.466,86228.0
RAIO X MÓVEL,CDK,HOSPITAL REGIONAL JUSTINO LUZ,PI,Piauí,PICOS,-7.0739,-41.466,86228.0
ULTRASSOM,CANON,HOSPITAL REGIONAL JUSTINO LUZ,PI,Piauí,PICOS,-7.0739,-41.466,86228.0
ULTRASSOM,CANON,HOSPITAL REGIONAL JUSTINO LUZ,PI,Piauí,PICOS,-7.0739,-41.466,86228.0
ARCO CIRURGICO,SIEMENS,HOSPITAL REGIONAL JUSTINO LUZ,PI,Piauí,PICOS,-7.0739,-41.466,86228.0
TOMOGRAFIA COMPUTADORIZADA,CANON,HOSPITAL REGIONAL JUSTINO LUZ,PI,Piauí,PICOS,-7.0739,-41.466,86228.0
DR,CANON,HOSPITAL REGIONAL JUSTINO LUZ,PI,Piauí,PICOS,-7.0739,-41.466,86228.0
RAIO X,KONICA MINOLTA,HOSPITAL REGIONAL JUSTINO LUZ,PI,Piauí,PICOS,-7.0739,-41.466,86228.0
CONSOLE CR ou DR,DELL,HOSPITAL REGIONAL JUSTINO LUZ,PI,Piauí,PICOS,-7.0739,-41.466,86228.0
ULTRASSOM,CANON,HOSPITAL REGIONAL JUSTINO LUZ,PI,Piauí,PICOS,-7.0739,-41.466,86228.0
DR,KONICA MINOLTA,HOSPITAL REGIONAL JUSTINO LUZ,PI,Piauí,PICOS,-7.0739,-41.466,86228.0
CONSOLE CR ou DR,Fujifilm,HOSPITAL REGIONAL LEONIDAS MELO,PI,Piauí,Barras,-4.2453,-42.2947,49533.0
IMPRESSORA,KONICA MINOLTA,HOSPITAL REGIONAL LEONIDAS MELO,PI,Piauí,Barras,-4.2453,-42.2947,49533.0
RAIO X MÓVEL,VMI,HOSPITAL REGIONAL LEONIDAS MELO,PI,Piauí,Barras,-4.2453,-42.2947,49533.0
ULTRASSOM,CANON,HOSPITAL REGIONAL LEONIDAS MELO,PI,Piauí,Barras,-4.2453,-42.2947,49533.0
IMPRESSORA,EPSON,HOSPITAL REGIONAL LEONIDAS MELO,PI,Piauí,Barras,-4.2453,-42.2947,49533.0
CONSOLE CR ou DR,FUJIFILM,HOSPITAL REGIONAL MANOEL DE SOUSA SANTOS,PI,Piauí,Bom Jesus,-9.0717,-44.3592,30321.0
IMPRESSORA,FUJIFILM,HOSPITAL REGIONAL MANOEL DE SOUSA SANTOS,PI,Piauí,Bom Jesus,-9.0717,-44.3592,30321.0
ULTRASSOM,CANON,HOSPITAL REGIONAL MANOEL DE SOUSA SANTOS,PI,Piauí,Bom Jesus,-9.0717,-44.3592,30321.0
ARCO CIRURGICO,SIEMENS,HOSPITAL REGIONAL MANOEL DE SOUSA SANTOS,PI,Piauí,Bom Jesus,-9.0717,-44.3592,30321.0
TOMOGRAFIA COMPUTADORIZADA,CANON,HOSPITAL REGIONAL MANOEL DE SOUSA SANTOS,PI,Piauí,Bom Jesus,-9.0717,-44.3592,30321.0
RAIO X,KONICA MINOLTA,HOSPITAL REGIONAL MANOEL DE SOUSA SANTOS,PI,Piauí,Bom Jesus,-9.0717,-44.3592,30321.0
ULTRASSOM,CANON,HOSPITAL REGIONAL MANOEL DE SOUSA SANTOS,PI,Piauí,Bom Jesus,-9.0717,-44.3592,30321.0
DR,KONICA MINOLTA,HOSPITAL REGIONAL MANOEL DE SOUSA SANTOS,PI,Piauí,Bom Jesus,-9.0717,-44.3592,30321.0
CONSOLE CR ou DR,KONICA MINOLTA,HOSPITAL REGIONAL MANOEL DE SOUSA SANTOS,PI,Piauí,Bom Jesus,-9.0717,-44.3592,30321.0
ULTRASSOM,TOSHIBA,HOSPITAL REGIONAL SENADOR DIRCEU ARCOVERDE,PI,Piauí,URUÇUÍ,-7.2392,-44.5575,26501.0
IMPRESSORA,FUJIFILM,HOSPITAL REGIONAL SENADOR DIRCEU ARCOVERDE,PI,Piauí,URUÇUÍ,-7.2392,-44.5575,26501.0
CONSOLE CR ou DR,FUJIFILM,HOSPITAL REGIONAL SENADOR DIRCEU ARCOVERDE,PI,Piauí,URUÇUÍ,-7.2392,-44.5575,26501.0
RAIO X MÓVEL,CDK,HOSPITAL REGIONAL SENADOR DIRCEU ARCOVERDE,PI,Piauí,URUÇUÍ,-7.2392,-44.5575,26501.0
ULTRASSOM,CANON,HOSPITAL REGIONAL SENADOR DIRCEU ARCOVERDE,PI,Piauí,URUÇUÍ,-7.2392,-44.5575,26501.0
IMPRESSORA,SONY,HOSPITAL REGIONAL SENADOR DIRCEU ARCOVERDE,PI,Piauí,URUÇUÍ,-7.2392,-44.5575,26501.0
CONSOLE CR ou DR,FUJIFILM,HOSPITAL REGIONAL SENADOR JOSE CANDIDO FERRAZ,PI,Piauí,São Raimundo Nonato,-9.0125,-42.6989,40784.0
RAIO X MÓVEL,CDK,HOSPITAL REGIONAL SENADOR JOSE CANDIDO FERRAZ,PI,Piauí,São Raimundo Nonato,-9.0125,-42.6989,40784.0
ULTRASSOM,CANON,HOSPITAL REGIONAL SENADOR JOSE CANDIDO FERRAZ,PI,Piauí,São Raimundo Nonato,-9.0125,-42.6989,40784.0
TOMOGRAFIA COMPUTADORIZADA,CANON,HOSPITAL REGIONAL SENADOR JOSE CANDIDO FERRAZ,PI,Piauí,São Raimundo Nonato,-9.0125,-42.6989,40784.0
IMPRESSORA,XEROX,HOSPITAL REGIONAL SENADOR JOSE CANDIDO FERRAZ,PI,Piauí,São Raimundo Nonato,-9.0125,-42.6989,40784.0
ULTRASSOM,CANON,HOSPITAL REGIONAL SENADOR JOSE CANDIDO FERRAZ,PI,Piauí,São Raimundo Nonato,-9.0125,-42.6989,40784.0
IMPRESSORA,FUJIFILM,HOSPITAL REGIONAL TIBERIO NUNES,PI,Piauí,Floriano,-6.77,-43.0225,64150.0
TOMOGRAFIA COMPUTADORIZADA,CANON,HOSPITAL REGIONAL TIBERIO NUNES,PI,Piauí,Floriano,-6.77,-43.0225,64150.0
ULTRASSOM,CANON,HOSPITAL REGIONAL TIBERIO NUNES,PI,Piauí,Floriano,-6.77,-43.0225,64150.0
IMPRESSORA,KONICA MINOLTA,HOSPITAL REGIONAL TIBERIO NUNES,PI,Piauí,Floriano,-6.77,-43.0225,64150.0
ULTRASSOM,CANON,HOSPITAL REGIONAL TIBERIO NUNES,PI,Piauí,Floriano,-6.77,-43.0225,64150.0
ULTRASSOM,CANON,HOSPITAL REGIONAL TIBERIO NUNES,PI,Piauí,Floriano,-6.77,-43.0225,64150.0
ARCO CIRURGICO,SIEMENS,HOSPITAL REGIONAL TIBERIO NUNES,PI,Piauí,Floriano,-6.77,-43.0225,64150.0
DR,CANON,HOSPITAL REGIONAL TIBERIO NUNES,PI,Piauí,Floriano,-6.77,-43.0225,64150.0
CONSOLE CR ou DR,DELL,HOSPITAL REGIONAL TIBERIO NUNES,PI,Piauí,Floriano,-6.77,-43.0225,64150.0
ULTRASSOM,CANON,HOSPITAL REGIONAL TIBERIO NUNES,PI,Piauí,Floriano,-6.77,-43.0225,64150.0
ARCO CIRURGICO,VMI,HOSPITAL REGIONAL TIBERIO NUNES,PI,Piauí,Floriano,-6.77,-43.0225,64150.0
DR,KONICA MINOLTA,HOSPITAL REGIONAL TIBERIO NUNES,PI,Piauí,Floriano,-6.77,-43.0225,64150.0
ULTRASSOM,SAMSUNG,I S M RODRIGUES CENTRO MEDICO,PI,Piauí,Teresina,-5.091,-42.803,902644.0
RAIO X,SAWAE,I S M RODRIGUES CENTRO MEDICO,PI,Piauí,Teresina,-5.091,-42.803,902644.0
TOMOGRAFIA COMPUTADORIZADA,TOSHIBA,I S M RODRIGUES CENTRO MEDICO,PI,Piauí,Teresina,-5.091,-42.803,902644.0
CONSOLE CR ou DR,FUJIFILM,I S M RODRIGUES CENTRO MEDICO,PI,Piauí,Teresina,-5.091,-42.803,902644.0
CONSOLE CR ou DR,FUJIFILM,INSTITUTO DE DOENCAS TROPICAIS NATAN PORTELLA,PI,Piauí,Teresina,-5.0912,-42.8125,902644.0
IMPRESSORA,SONY,INSTITUTO DE DOENCAS TROPICAIS NATAN PORTELLA,PI,Piauí,Teresina,-5.0912,-42.8125,902644.0
ULTRASSOM,SAMSUNG,INSTITUTO DE DOENCAS TROPICAIS NATAN PORTELLA,PI,Piauí,Teresina,-5.0912,-42.8125,902644.0
NOTEBOOK,KONICA MINOLTA,INSTITUTO DE DOENCAS TROPICAIS NATAN PORTELLA,PI,Piauí,Teresina,-5.0912,-42.8125,902644.0
DR,KONICA MINOLTA,INSTITUTO DE DOENCAS TROPICAIS NATAN PORTELLA,PI,Piauí,Teresina,-5.0912,-42.8125,902644.0
ULTRASSOM,CANON,INSTITUTO DE DOENCAS TROPICAIS NATAN PORTELLA,PI,Piauí,Teresina,-5.0912,-42.8125,902644.0
RAIO X MÓVEL,CDK,INSTITUTO DE DOENCAS TROPICAIS NATAN PORTELLA,PI,Piauí,Teresina,-5.0912,-42.8125,902644.0
TOMOGRAFIA COMPUTADORIZADA,CANON,INSTITUTO DE DOENCAS TROPICAIS NATAN PORTELLA,PI,Piauí,Teresina,-5.0912,-42.8125,902644.0
ULTRASSOM,CANON,INSTITUTO SAUDE E CIDADANIA - ISAC,PI,Piauí,Teresina,-5.07,-42.775,902644.0
CONSOLE CR ou DR,FUJIFILM,MATERNIDADE WALL FERRAZ,PI,Piauí,Teresina,-5.0892,-42.8016,902644.0
RAIO X MÓVEL,CDK,MATERNIDADE WALL FERRAZ,PI,Piauí,Teresina,-5.0892,-42.8016,902644.0
TOMOGRAFIA COMPUTADORIZADA,TOSHIBA,T M FEITOSA ME,PI,Piauí,Rio Grande do Piauí,-7.7753,-43.1425,5868.0
RAIO X,SHRX,T M FEITOSA ME,PI,Piauí,Rio Grande do Piauí,-7.7753,-43.1425,5868.0
IMPRESSORA,KONICA MINOLTA,T M FEITOSA ME,PI,Piauí,Rio Grande do Piauí,-7.7753,-43.1425,5868.0
DR,KONICA MINOLTA,T M FEITOSA ME,PI,Piauí,Rio Grande do Piauí,-7.7753,-43.1425,5868.0
CONSOLE CR ou DR,FUJIFILM,UNIDADE DE SAUDE DO SATELITE,PI,Piauí,Teresina,-5.0522,-42.7525,902644.0
ULTRASSOM,TOSHIBA,UNIDADE DE SAUDE PARQUE PIAUI,PI,Piauí,Teresina,-5.1412,-42.7915,902644.0
CONSOLE CR ou DR,FUJIFILM,UNIDADE DE SAUDE PARQUE PIAUI,PI,Piauí,Teresina,-5.1412,-42.7915,902644.0
RAIO X,SAWAE,UNIDADE DE SAUDE PARQUE PIAUI,PI,Piauí,Teresina,-5.1412,-42.7915,902644.0
CONSOLE CR ou DR,FUJIFILM,UPA 24 HORAS DE OEIRAS,PI,Piauí,Oeiras,-7.0194,-42.1283,39545.0
RAIO X,KONICA MINOLTA,UPA 24 HORAS DE OEIRAS,PI,Piauí,Oeiras,-7.0194,-42.1283,39545.0
CONSOLE CR ou DR,FUJIFILM,UPA DO PROMORAR,PI,Piauí,TERESINA,-5.098,-42.823,902644.0
RAIO X,KONICA MINOLTA,UPA DO PROMORAR,PI,Piauí,TERESINA,-5.098,-42.823,902644.0
CONSOLE CR ou DR,KONICA MINOLTA,UPA DO RENASCENCA,PI,Piauí,Teresina,-5.10024,-42.73392,902644.0
CONSOLE CR ou DR,KONICA MINOLTA,UPA DO RENASCENCA,PI,Piauí,Teresina,-5.10024,-42.73392,902644.0
IMPRESSORA,CARESTREAM,UPA DO RENASCENCA,PI,Piauí,Teresina,-5.10024,-42.73392,902644.0
DR,KONICA MINOLTA,UPA DO RENASCENCA,PI,Piauí,Teresina,-5.10024,-42.73392,902644.0
RAIO X,KONICA MINOLTA,UPA DO SATELITE,PI,Piauí,TERESINA,-5.0522,-42.7525,902644.0
DR,KONICA MINOLTA,UPA DO SATELITE,PI,Piauí,TERESINA,-5.0522,-42.7525,902644.0
IMPRESSORA,KONICA MINOLTA,VELHO MONGE EMBARCACOES TERESINA LTDA,PI,Piauí,Teresina,-5.07,-42.775,902644.0
ULTRASSOM,CANON,POLICLINICA DR ANTONIO MARTINS ALBUQUERQUE PEDREIRA,MA,Maranhão,Timon,-5.095,-42.836,182241.0
IMPRESSORA,XEROX,POLICLINICA DR ANTONIO MARTINS ALBUQUERQUE PEDREIRA,MA,Maranhão,Timon,-5.095,-42.836,182241.0
TOMOGRAFIA COMPUTADORIZADA,TOSHIBA,POLICLINICA DR ANTONIO MARTINS ALBUQUERQUE PEDREIRA,MA,Maranhão,Timon,-5.095,-42.836,182241.0
IMPRESSORA,SONY,POLICLINICA DR ANTONIO MARTINS ALBUQUERQUE PEDREIRA,MA,Maranhão,Timon,-5.095,-42.836,182241.0
ULTRASSOM,CANON,CAEMI - CENTRO DE ATENÇAO ESPECIALIZADA MATERNO INFANTIL,MA,Maranhão,Timon,-5.1,-42.85,182241.0
IMPRESSORA,EPSON,CAEMI - CENTRO DE ATENÇAO ESPECIALIZADA MATERNO INFANTIL,MA,Maranhão,Timon,-5.1,-42.85,182241.0
IMPRESSORA,FUJIFILM,CAISM - CENTRO DE ASSISTENCIA INTEGRADO DE SAUDE DA MULHER,MA,Maranhão,Timon,-5.091191,-42.829394,182241.0
ULTRASSOM,CANON,CAISM - CENTRO DE ASSISTENCIA INTEGRADO DE SAUDE DA MULHER,MA,Maranhão,Timon,-5.091191,-42.829394,182241.0
IMPRESSORA,SONY,CAISM - CENTRO DE ASSISTENCIA INTEGRADO DE SAUDE DA MULHER,MA,Maranhão,Timon,-5.091191,-42.829394,182241.0
RAIO X,KONICA MINOLTA,CENTRO AMBULATORIAL FREI DIONISIO,MA,Maranhão,Tuntum,-5.254,-44.643,37401.0
ULTRASSOM,CANON,CENTRO AMBULATORIAL FREI DIONISIO,MA,Maranhão,Tuntum,-5.254,-44.643,37401.0
DR,KONICA MINOLTA,CENTRO AMBULATORIAL FREI DIONISIO,MA,Maranhão,Tuntum,-5.254,-44.643,37401.0
CONSOLE CR ou DR,KONICA MINOLTA,CENTRO AMBULATORIAL FREI DIONISIO,MA,Maranhão,Tuntum,-5.254,-44.643,37401.0
MAMOGRAFIA,KONICA MINOLTA,CENTRO AMBULATORIAL FREI DIONISIO,MA,Maranhão,Tuntum,-5.254,-44.643,37401.0
IMPRESSORA,KONICA MINOLTA,CENTRO AMBULATORIAL FREI DIONISIO,MA,Maranhão,Tuntum,-5.254,-44.643,37401.0
CONSOLE CR ou DR,FUJIFILM,CENTRO AMBULATORIAL FREI DIONISIO,MA,Maranhão,Tuntum,-5.254,-44.643,37401.0
IMPRESSORA,KONICA MINOLTA,CENTRO DE IMAGEM DE LAGO DA PEDRA - DONA LICA,MA,Maranhão,Lago da Pedra,-4.569,-45.132,45875.0
DR,KONICA MINOLTA,CENTRO DE IMAGEM DE LAGO DA PEDRA - DONA LICA,MA,Maranhão,Lago da Pedra,-4.569,-45.132,45875.0
RAIO X,KONICA MINOLTA,CENTRO DE IMAGEM DE LAGO DA PEDRA - DONA LICA,MA,Maranhão,Lago da Pedra,-4.569,-45.132,45875.0
TOMOGRAFIA COMPUTADORIZADA,CANON,CENTRO DE IMAGEM DE LAGO DA PEDRA - DONA LICA,MA,Maranhão,Lago da Pedra,-4.569,-45.132,45875.0
ULTRASSOM,CANON,CENTRO DE IMAGEM DE LAGO DA PEDRA - DONA LICA,MA,Maranhão,Lago da Pedra,-4.569,-45.132,45875.0
ULTRASSOM,CANON,CENTRO DE IMAGEM DE LAGO DA PEDRA - DONA LICA,MA,Maranhão,Lago da Pedra,-4.569,-45.132,45875.0
CONSOLE CR ou DR,KONICA MINOLTA,CENTRO DE IMAGEM DE LAGO DA PEDRA - DONA LICA,MA,Maranhão,Lago da Pedra,-4.569,-45.132,45875.0
MAMOGRAFIA,KONICA MINOLTA,CENTRO DE IMAGEM DE LAGO DA PEDRA - DONA LICA,MA,Maranhão,Lago da Pedra,-4.569,-45.132,45875.0
IMPRESSORA,KONICA MINOLTA,CENTRO DE IMAGEM DE LAGO DA PEDRA - DONA LICA,MA,Maranhão,Lago da Pedra,-4.569,-45.132,45875.0
ULTRASSOM,CANON,CENTRO DE IMAGEM DE PAULO RAMOS,MA,Maranhão,Paulo Ramos,-4.2167,-45.1833,20792.0
DR,KONICA MINOLTA,CENTRO DE IMAGEM DE PAULO RAMOS,MA,Maranhão,Paulo Ramos,-4.2167,-45.1833,20792.0
CONSOLE CR ou DR,FUJIFILM,CENTRO DE IMAGEM DE PAULO RAMOS,MA,Maranhão,Paulo Ramos,-4.2167,-45.1833,20792.0
RAIO X,KONICA MINOLTA,CENTRO DE IMAGEM DE PAULO RAMOS,MA,Maranhão,Paulo Ramos,-4.2167,-45.1833,20792.0
TOMOGRAFIA COMPUTADORIZADA,CANON,CENTRO DE IMAGEM DE PAULO RAMOS,MA,Maranhão,Paulo Ramos,-4.2167,-45.1833,20792.0
CONSOLE CR ou DR,KONICA MINOLTA,CENTRO DE IMAGEM DE PAULO RAMOS,MA,Maranhão,Paulo Ramos,-4.2167,-45.1833,20792.0
MAMOGRAFIA,KONICA MINOLTA,CENTRO DE IMAGEM DE PAULO RAMOS,MA,Maranhão,Paulo Ramos,-4.2167,-45.1833,20792.0
IMPRESSORA,KONICA MINOLTA,CENTRO DE IMAGEM DE PAULO RAMOS,MA,Maranhão,Paulo Ramos,-4.2167,-45.1833,20792.0
IMPRESSORA,XEROX,CENTRO DE IMAGEM DE PAULO RAMOS,MA,Maranhão,Paulo Ramos,-4.2167,-45.1833,20792.0
MAMOGRAFIA,KONICA MINOLTA,CENTRO DE IMAGEM IZABEL ROCHA DE CARVALHO,MA,Maranhão,Duque Bacelar,-4.15,-42.933,10448.0
DR,KONICA MINOLTA,CENTRO DE IMAGEM IZABEL ROCHA DE CARVALHO,MA,Maranhão,Duque Bacelar,-4.15,-42.933,10448.0
RAIO X,KONICA MINOLTA,CENTRO DE IMAGEM IZABEL ROCHA DE CARVALHO,MA,Maranhão,Duque Bacelar,-4.15,-42.933,10448.0
DR,KONICA MINOLTA,CENTRO DE IMAGEM IZABEL ROCHA DE CARVALHO,MA,Maranhão,Duque Bacelar,-4.15,-42.933,10448.0
TOMOGRAFIA COMPUTADORIZADA,CANON,CENTRO DE IMAGEM IZABEL ROCHA DE CARVALHO,MA,Maranhão,Duque Bacelar,-4.15,-42.933,10448.0
ULTRASSOM,CANON,CENTRO DE IMAGEM IZABEL ROCHA DE CARVALHO,MA,Maranhão,Duque Bacelar,-4.15,-42.933,10448.0
IMPRESSORA,KONICA MINOLTA,CMEI ACS IGLESIA ALVES DA COSTA E SOUSA,MA,Maranhão,Timon,-5.1,-42.83,182241.0
RAIO X,KONICA MINOLTA,CMEI ACS IGLESIA ALVES DA COSTA E SOUSA,MA,Maranhão,Timon,-5.1,-42.83,182241.0
ULTRASSOM,CANON,CMEI ACS IGLESIA ALVES DA COSTA E SOUSA,MA,Maranhão,Timon,-5.1,-42.83,182241.0
RESSONANCIA,CANON,CMEI ACS IGLESIA ALVES DA COSTA E SOUSA,MA,Maranhão,Timon,-5.1,-42.83,182241.0
ULTRASSOM,CANON,HOSPITAL FELIPE JORGE,MA,Maranhão,São Bernardo,-3.371,-42.419,27887.0
CONSOLE CR ou DR,FUJIFILM,HOSPITAL FELIPE JORGE,MA,Maranhão,São Bernardo,-3.371,-42.419,27887.0
RAIO X,KONICA MINOLTA,HOSPITAL FELIPE JORGE,MA,Maranhão,São Bernardo,-3.371,-42.419,27887.0
TOMOGRAFIA COMPUTADORIZADA,CANON,HOSPITAL FELIPE JORGE,MA,Maranhão,São Bernardo,-3.371,-42.419,27887.0
MAMOGRAFIA,KONICA MINOLTA,HOSPITAL FELIPE JORGE,MA,Maranhão,São Bernardo,-3.371,-42.419,27887.0
IMPRESSORA,KONICA MINOLTA,HOSPITAL FELIPE JORGE,MA,Maranhão,São Bernardo,-3.371,-42.419,27887.0
IMPRESSORA,XEROX,HOSPITAL FELIPE JORGE,MA,Maranhão,São Bernardo,-3.371,-42.419,27887.0
ULTRASSOM,CANON,HOSPITAL GERAL MUNICIPAL DE CODO,MA,Maranhão,Codó,-4.45397,-43.894,118295.0
CONSOLE CR ou DR,FUJIFILM,HOSPITAL MATERNO INFANTIL,MA,Maranhão,Barra do Corda,-5.50266,-45.2372,87672.0
ULTRASSOM,CANON,HOSPITAL MATERNO INFANTIL,MA,Maranhão,Barra do Corda,-5.50266,-45.2372,87672.0
RAIO X,KONICA MINOLTA,HOSPITAL MATERNO INFANTIL,MA,Maranhão,Barra do Corda,-5.50266,-45.2372,87672.0
DR,KONICA MINOLTA,HOSPITAL MUNICIPAL DR JOSE FIRMINO DE SOUSA,MA,Maranhão,Timon,-5.1,-42.85,182241.0
IMPRESSORA,SONY,HOSPITAL MUNICIPAL DR JOSE FIRMINO DE SOUSA,MA,Maranhão,Timon,-5.1,-42.85,182241.0
NOTEBOOK,KONICA MINOLTA,HOSPITAL MUNICIPAL DR JOSE FIRMINO DE SOUSA,MA,Maranhão,Timon,-5.1,-42.85,182241.0
CONSOLE CR ou DR,FUJIFILM,HOSPITAL MUNICIPAL JOÃO ANTONIO SANTOS,MA,Maranhão,Alto Alegre do Pindaré,-3.66667,-45.93333,26411.0
MAMOGRAFIA,VMI TECNOLOGIAS,HOSPITAL MUNICIPAL JOÃO ANTONIO SANTOS,MA,Maranhão,Alto Alegre do Pindaré,-3.66667,-45.93333,26411.0
TOMOGRAFIA COMPUTADORIZADA,CANON,HOSPITAL MUNICIPAL JOÃO ANTONIO SANTOS,MA,Maranhão,Alto Alegre do Pindaré,-3.66667,-45.93333,26411.0
IMPRESSORA,KONICA MINOLTA,HOSPITAL MUNICIPAL JOÃO ANTONIO SANTOS,MA,Maranhão,Alto Alegre do Pindaré,-3.66667,-45.93333,26411.0
IMPRESSORA,KONICA MINOLTA,MUNICIPIO DE ALTO ALEGRE DO PINDARÉ,MA,Maranhão,Alto Alegre do Pindaré,-3.6667,-45.9333,26411.0
TOMOGRAFIA COMPUTADORIZADA,CANON,UNIDADE DE SAUDE JOSE ANDRADE,MA,Maranhão,Tuntum,-5.254,-44.643,37401.0
IMPRESSORA,XEROX,UNIDADE DE SAUDE JOSE ANDRADE,MA,Maranhão,Tuntum,-5.254,-44.643,37401.0
CONSOLE CR ou DR,FUJIFILM,UNIDADE HOSPITALAR EXPEDITO GALVAO,MA,Maranhão,Igarapé Grande,-4.662,-44.855,10463.0
IMPRESSORA,KONICA MINOLTA,UNIDADE HOSPITALAR EXPEDITO GALVAO,MA,Maranhão,Igarapé Grande,-4.662,-44.855,10463.0
MAMOGRAFIA,SAWAE,UNIDADE HOSPITALAR EXPEDITO GALVAO,MA,Maranhão,Igarapé Grande,-4.662,-44.855,10463.0
TOMOGRAFIA COMPUTADORIZADA,CANON,UNIDADE HOSPITALAR EXPEDITO GALVAO,MA,Maranhão,Igarapé Grande,-4.662,-44.855,10463.0
RAIO X,KONICA MINOLTA,UNIDADE HOSPITALAR EXPEDITO GALVAO,MA,Maranhão,Igarapé Grande,-4.662,-44.855,10463.0
RAIO X MÓVEL,VMI TECNOLOGIAS,UNIDADE HOSPITALAR EXPEDITO GALVAO,MA,Maranhão,Igarapé Grande,-4.662,-44.855,10463.0
ULTRASSOM,CANON,UNIDADE MISTA DE SAUDE SAO RAIMUNDO DAS MANGABEIRAS,MA,Maranhão,São Raimundo das Mangabeiras,-7.021,-45.48,19129.0
ULTRASSOM,CANON,UNIDADE MISTA DE SAUDE SAO RAIMUNDO DAS MANGABEIRAS,MA,Maranhão,São Raimundo das Mangabeiras,-7.021,-45.48,19129.0
CONSOLE CR ou DR,FUJIFILM,UNIDADE MISTA DE SAUDE SAO RAIMUNDO DAS MANGABEIRAS,MA,Maranhão,São Raimundo das Mangabeiras,-7.021,-45.48,19129.0
IMPRESSORA,KONICA MINOLTA,UNIDADE MISTA DE SAUDE SAO RAIMUNDO DAS MANGABEIRAS,MA,Maranhão,São Raimundo das Mangabeiras,-7.021,-45.48,19129.0
RAIO X,KONICA MINOLTA,UNIDADE MISTA DE SAUDE SAO RAIMUNDO DAS MANGABEIRAS,MA,Maranhão,São Raimundo das Mangabeiras,-7.021,-45.48,19129.0
TOMOGRAFIA COMPUTADORIZADA,CANON,UNIDADE MISTA DE SAUDE SAO RAIMUNDO DAS MANGABEIRAS,MA,Maranhão,São Raimundo das Mangabeiras,-7.021,-45.48,19129.0
IMPRESSORA,KONICA MINOLTA,UPA - BARRA DO CORDA,MA,Maranhão,Barra do Corda,-5.50227,-45.2455,87672.0
CONSOLE CR ou DR,FUJFILM,UPA - BARRA DO CORDA,MA,Maranhão,Barra do Corda,-5.50227,-45.2455,87672.0
TOMOGRAFIA COMPUTADORIZADA,CANON,UPA - BARRA DO CORDA,MA,Maranhão,Barra do Corda,-5.50227,-45.2455,87672.0
RAIO X MÓVEL,CDK,UPA - BARRA DO CORDA,MA,Maranhão,Barra do Corda,-5.50227,-45.2455,87672.0
ULTRASSOM,CANON,HPSM GUAMA DR HUMBERTO MARADEI PEREIRA,PA,PARA,BELÉM,-1.455752,-48.490186,1398531.0
DR,KONICA MINOLTA,HPSM GUAMA DR HUMBERTO MARADEI PEREIRA,PA,PARA,BELÉM,-1.455752,-48.490186,1398531.0
CONSOLE CR ou DR,KONICA MINOLTA,HPSM GUAMA DR HUMBERTO MARADEI PEREIRA,PA,PARA,BELÉM,-1.455752,-48.490186,1398531.0
ULTRASSOM,CANON,PRONTO SOCORRO MUNICIPAL MARIO PINOTTI,PA,PARA,BELÉM,-1.452,-48.489,1398531.0
DR,KONICA MINOLTA,PRONTO SOCORRO MUNICIPAL MARIO PINOTTI,PA,PARA,BELÉM,-1.452,-48.489,1398531.0
CONSOLE CR ou DR,KONICA MINOLTA,PRONTO SOCORRO MUNICIPAL MARIO PINOTTI,PA,PARA,BELÉM,-1.452,-48.489,1398531.0
TOMOGRAFIA COMPUTADORIZADA,CANON,PRONTO SOCORRO MUNICIPAL MARIO PINOTTI,PA,PARA,BELÉM,-1.452,-48.489,1398531.0
DR,KONICA MINOLTA,UPA 24H - SACRAMENTA,PA,PARA,BELÉM,-1.447,-48.466,1398531.0
CONSOLE CR ou DR,KONICA MINOLTA,UPA 24H - SACRAMENTA,PA,PARA,BELÉM,-1.447,-48.466,1398531.0
CONSOLE CR ou DR,FUJIFILM,UPA DE CAMETA,PA,PARA,CAMETA,-2.2444,-49.4958,143837.0
CONSOLE CR ou DR,FUJIFILM,URE SAÚDE DA MULHER,PA,PARA,BELÉM,-1.452,-48.489,1398531.0
IMPRESSORA,KONICA MINOLTA,URE SAÚDE DA MULHER,PA,PARA,BELÉM,-1.452,-48.489,1398531.0
ULTRASSOM,TOSHIBA,CENTRO DE DIAGNOSTICO CAMETÁ,PA,PARA,CAMETA,-2.2433,-49.4983,143837.0
IMPRESSORA,SONY,CENTRO DE DIAGNOSTICO CAMETÁ,PA,PARA,CAMETA,-2.2433,-49.4983,143837.0
TOMOGRAFIA COMPUTADORIZADA,CANON,CENTRO DE DIAGNOSTICO CAMETÁ,PA,PARA,CAMETA,-2.2433,-49.4983,143837.0
IMPRESSORA,XEROX,CENTRO DE DIAGNOSTICO CAMETÁ,PA,PARA,CAMETA,-2.2433,-49.4983,143837.0
CONSOLE CR ou DR,FUJIFILM,FUNDAÇÃO SANTA CASA DE MISERICORDIA DO PARA,PA,PARA,BELÉM,-1.43996,-48.48151,1398531.0
CONSOLE CR ou DR,FUJIFILM,FUNDAÇÃO SANTA CASA DE MISERICORDIA DO PARA,PA,PARA,BELÉM,-1.43996,-48.48151,1398531.0
TOMOGRAFIA COMPUTADORIZADA,CANON,FUNDAÇÃO SANTA CASA DE MISERICORDIA DO PARA,PA,PARA,BELÉM,-1.43996,-48.48151,1398531.0
TOMOGRAFIA COMPUTADORIZADA,CANON,FUNDAÇÃO SANTA CASA DE MISERICORDIA DO PARA,PA,PARA,BELÉM,-1.43996,-48.48151,1398531.0
MAMOGRAFIA,KONICA MINOLTA,FUNDAÇÃO SANTA CASA DE MISERICORDIA DO PARA,PA,PARA,BELÉM,-1.43996,-48.48151,1398531.0
RAIO X MÓVEL,KONICA MINOLTA,FUNDAÇÃO SANTA CASA DE MISERICORDIA DO PARA,PA,PARA,BELÉM,-1.43996,-48.48151,1398531.0
RAIO X MÓVEL,KONICA MINOLTA,FUNDAÇÃO SANTA CASA DE MISERICORDIA DO PARA,PA,PARA,BELÉM,-1.43996,-48.48151,1398531.0
DR,KONICA MINOLTA,FUNDAÇÃO SANTA CASA DE MISERICORDIA DO PARA,PA,PARA,BELÉM,-1.43996,-48.48151,1398531.0
DR,KONICA MINOLTA,FUNDAÇÃO SANTA CASA DE MISERICORDIA DO PARA,PA,PARA,BELÉM,-1.43996,-48.48151,1398531.0
RAIO X,KONICA MINOLTA,FUNDAÇÃO SANTA CASA DE MISERICORDIA DO PARA,PA,PARA,BELÉM,-1.43996,-48.48151,1398531.0
RAIO X,KONICA MINOLTA,FUNDAÇÃO SANTA CASA DE MISERICORDIA DO PARA,PA,PARA,BELÉM,-1.43996,-48.48151,1398531.0
IMPRESSORA,KONICA MINOLTA,FUNDAÇÃO SANTA CASA DE MISERICORDIA DO PARA,PA,PARA,BELÉM,-1.43996,-48.48151,1398531.0
CONSOLE CR ou DR,KONICA MINOLTA,FUNDAÇÃO SANTA CASA DE MISERICORDIA DO PARA,PA,PARA,BELÉM,-1.43996,-48.48151,1398531.0
CONSOLE CR ou DR,KONICA MINOLTA,FUNDAÇÃO SANTA CASA DE MISERICORDIA DO PARA,PA,PARA,BELÉM,-1.43996,-48.48151,1398531.0
DR,KONICA MINOLTA,FUNDAÇÃO SANTA CASA DE MISERICORDIA DO PARA,PA,PARA,BELÉM,-1.43996,-48.48151,1398531.0
DR,KONICA MINOLTA,FUNDAÇÃO SANTA CASA DE MISERICORDIA DO PARA,PA,PARA,BELÉM,-1.43996,-48.48151,1398531.0
DR,KONICA MINOLTA,HOSPITAL DE RETAGUARDA DOM VICENTE ZICO,PA,PARA,BELÉM,-1.43,-48.47,1398531.0
RAIO X,KONICA MINOLTA,HOSPITAL DE RETAGUARDA DOM VICENTE ZICO,PA,PARA,BELÉM,-1.43,-48.47,1398531.0
CONSOLE CR ou DR,KONICA MINOLTA,HOSPITAL DE RETAGUARDA DOM VICENTE ZICO,PA,PARA,BELÉM,-1.43,-48.47,1398531.0
IMPRESSORA,XEROX,HOSPITAL DE RETAGUARDA DOM VICENTE ZICO,PA,PARA,BELÉM,-1.43,-48.47,1398531.0
DR,KONICA MINOLTA,HOSPITAL GERAL DE MOSQUEIRO,PA,PARA,BELÉM,-1.455752,-48.490186,1398531.0
CONSOLE CR ou DR,KONICA MINOLTA,HOSPITAL GERAL DE MOSQUEIRO,PA,PARA,BELÉM,-1.455752,-48.490186,1398531.0
IMPRESSORA,XEROX,HOSPITAL GERAL DE MOSQUEIRO,PA,PARA,BELÉM,-1.455752,-48.490186,1398531.0
DR,KONICA MINOLTA,UMS - TAPANÁ,PA,PARA,BELÉM,-1.43,-48.47,1398531.0
CONSOLE CR ou DR,KONICA MINOLTA,UMS - TAPANÁ,PA,PARA,BELÉM,-1.43,-48.47,1398531.0
IMPRESSORA,XEROX,UMS - TAPANÁ,PA,PARA,BELÉM,-1.43,-48.47,1398531.0
DR,KONICA MINOLTA,UMS OUTEIRO,PA,PARA,BELÉM,-1.2658,-48.4606,1398531.0
CONSOLE CR ou DR,KONICA MINOLTA,UMS OUTEIRO,PA,PARA,BELÉM,-1.2658,-48.4606,1398531.0
DR,KONICA MINOLTA,UNIDADE MUNICIPAL DE SAÚDE - UMS MARAMBAIA,PA,PARA,BELÉM,-1.403309,-48.435223,1398531.0
IMPRESSORA,XEROX,UNIDADE MUNICIPAL DE SAÚDE - UMS MARAMBAIA,PA,PARA,BELÉM,-1.403309,-48.435223,1398531.0
CONSOLE CR ou DR,KONICA MINOLTA,UNIDADE MUNICIPAL DE SAÚDE - UMS MARAMBAIA,PA,PARA,BELÉM,-1.403309,-48.435223,1398531.0
DR,KONICA MINOLTA,UPA ICOARACI,PA,PARA,BELÉM,-1.3,-48.45,1398531.0
CONSOLE CR ou DR,KONICA MINOLTA,UPA ICOARACI,PA,PARA,BELÉM,-1.3,-48.45,1398531.0
DR,KONICA MINOLTA,HOSPITAL REGIONAL DE JIPARANA,RO,RONDONIA,JI-PARANA,-10.8715,-61.9459,139359.0
DR,KONICA MINOLTA,HOSPITAL REGIONAL DE JIPARANA,RO,RONDONIA,JI-PARANA,-10.8715,-61.9459,139359.0
RAIO X,KONICA MINOLTA,HOSPITAL REGIONAL DE JIPARANA,RO,RONDONIA,JI-PARANA,-10.8715,-61.9459,139359.0
TOMOGRAFIA COMPUTADORIZADA,CANON,HOSPITAL REGIONAL DE JIPARANA,RO,RONDONIA,JI-PARANA,-10.8715,-61.9459,139359.0
RAIO X MÓVEL,KONICA MINOLTA,HOSPITAL REGIONAL DE JIPARANA,RO,RONDONIA,JI-PARANA,-10.8715,-61.9459,139359.0
RAIO X,KONICA MINOLTA,HOSPITAL REGIONAL DE JIPARANA,RO,RONDONIA,JI-PARANA,-10.8715,-61.9459,139359.0
MAMOGRAFIA,KONICA MINOLTA,HOSPITAL REGIONAL DE JIPARANA,RO,RONDONIA,JI-PARANA,-10.8715,-61.9459,139359.0
DR,KONICA MINOLTA,HOSPITAL REGIONAL DE JIPARANA,RO,RONDONIA,JI-PARANA,-10.8715,-61.9459,139359.0
RAIO X MÓVEL,KONICA MINOLTA,HOSPITAL REGIONAL DE JIPARANA,RO,RONDONIA,JI-PARANA,-10.8715,-61.9459,139359.0
MAMOGRAFIA,KONICA MINOLTA,HOSPITAL REGIONAL DE JIPARANA,RO,RONDONIA,JI-PARANA,-10.8715,-61.9459,139359.0
CONSOLE CR ou DR,KONICA MINOLTA,HOSPITAL REGIONAL DE JIPARANA,RO,RONDONIA,JI-PARANA,-10.8715,-61.9459,139359.0
CONSOLE CR ou DR,KONICA MINOLTA,HOSPITAL REGIONAL DE JIPARANA,RO,RONDONIA,JI-PARANA,-10.8715,-61.9459,139359.0
DR,KONICA MINOLTA,HOSPITAL REGIONAL DE JIPARANA,RO,RONDONIA,JI-PARANA,-10.8715,-61.9459,139359.0